Tulu Comment,Sentiment,Cleaned_Comment
Ice cream poora melt aand yenk mast disappointment feel aand.,negative,ice cream poora melt aand yenk mast disappointment feel aand
TV show da timing mast odd ittnd watch malpareg mast inconvenient aand. ,negative,tv show da timing mast odd ittnd watch malpareg mast inconvenient aand
ath dala super and ijji ok ok undu,neutral,ath dala super and ijji ok ok undu
Air fryer mast use aand chur oil d yedde work apund.,positive,air fryer mast use aand chur oil d yedde work apund
Juice shop da rate mast jasti aand taste la okay okay ittnd. ,neutral,juice shop da rate mast jasti aand taste la okay okay ittnd
netta vibes matra normal panoli,neutral,netta vibes matra normal panoli
netta climax jokul malti lakka undu,negative,netta climax jokul malti lakka undu
Library yedde silent ittnd odareg easy aand.,positive,library yedde silent ittnd odareg easy aand
Hospital da staff mast kind itter boka service la fast fast aand. ,positive,hospital da staff mast kind itter boka service la fast fast aand
"Restaurant service baji narakka ittnd, waiters mast rudely patherond itter.",negative,restaurant service baji narakka ittnd waiters mast rudely patherond itter
Coaching center da timing mast irregular ittnd students g poora confuse aand.,negative,coaching center da timing mast irregular ittnd students g poora confuse aand
Idli yedde soft aad ittnd chutney la fresh ittnd. ,positive,idli yedde soft aad ittnd chutney la fresh ittnd
very average,neutral,very average
undu waste of money bro,negative,undu waste of money bro
undu kali fine andh panoli vara tuvareg,neutral,undu kali fine andh panoli vara tuvareg
villain character ayeg match apuji,negative,villain character ayeg match apuji
full video matra neutral tone undu,neutral,full video matra neutral tone undu
Induction stove yedde fast ittnd sumar electricity save aand. ,positive,induction stove yedde fast ittnd sumar electricity save aand
Streaming service library okay okay ittnd aanda navigation easy ittnd. ,neutral,streaming service library okay okay ittnd aanda navigation easy ittnd
undu acting baji third class undu,negative,undu acting baji third class undu
"screenplay steady ithend, mala surprise dala ithiji",neutral,screenplay steady ithend mala surprise dala ithiji
"cinema ok ithend, timepass ya",neutral,cinema ok ithend timepass ya
Trekking experience mast super ittnd view la breathtaking ittnd. ,positive,trekking experience mast super ittnd view la breathtaking ittnd
song da melody mast yede ithend ya,positive,song da melody mast yede ithend ya
undu ok ok not bad but not good ittend,neutral,undu ok ok not bad but not good ittend
lyrics matra top undu,positive,lyrics matra top undu
Ceiling fan da noise mast jasti aad yenna sleep disturb avond ittnd. ,negative,ceiling fan da noise mast jasti aad yenna sleep disturb avond ittnd
netta bgm irritating undu ava,negative,netta bgm irritating undu ava
lyrics matra full emotional ittend loved it,positive,lyrics matra full emotional ittend loved it
bro undu matra nonsense andh ava,negative,bro undu matra nonsense andh ava
feel barpund full video tunda,positive,feel barpund full video tunda
Mobile game graphics mast realistic itta gameplay la super ittnd. ,positive,mobile game graphics mast realistic itta gameplay la super ittnd
dialogue chur over anda andh,negative,dialogue chur over anda andh
song matra smooth undu,positive,song matra smooth undu
Food parcel yedde hot ittnd taste la sakkat laik ittnd. ,positive,food parcel yedde hot ittnd taste la sakkat laik ittnd
content matra neutral undu bro,neutral,content matra neutral undu bro
"hero na style yedde ithend, super look",positive,hero na style yedde ithend super look
Laptop da speed mast fast ittinait multitasking malpareg easy aand.,positive,laptop da speed mast fast ittinait multitasking malpareg easy aand
Water purifier taste baari fresh ittnd mast use aand. ,positive,water purifier taste baari fresh ittnd mast use aand
"climax dragging ithend, sleep bathend",negative,climax dragging ithend sleep bathend
Hotel breakfast d mast variety ittnd taste la yedde fresh ittnd. ,positive,hotel breakfast d mast variety ittnd taste la yedde fresh ittnd
Ready-to-eat pulao okay okay ittnd taste la average ittnd. ,neutral,readytoeat pulao okay okay ittnd taste la average ittnd
movie da style matra crazy next level undu,positive,movie da style matra crazy next level undu
"Bus conductor mast rude aye, yenk correct time g ticket la kordije. ",negative,bus conductor mast rude aye yenk correct time g ticket la kordije
"direction fair ithend, dala complimets ijji",neutral,direction fair ithend dala complimets ijji
supper efforts ya production dagalda,positive,super efforts ya production dagalda
ontime tuvare ok undu,neutral,ontime tuvare ok undu
Teddy bear quality okay okay ittnd aanda size small aand. ,neutral,teddy bear quality okay okay ittnd aanda size small aand
Delivery boy rude aad yenna parcel tear malth poye. ,negative,delivery boy rude aad yenna parcel tear malth poye
content matra solid undu,positive,content matra solid undu
undu mast weak twist ittend,negative,undu mast weak twist ittend
Volvo bus ride yedde comfortable ittnd AC la sari ittnd. ,positive,volvo bus ride yedde comfortable ittnd ac la sari ittnd
Bike engine da sound yedde ittji ride la mast uncomfortable ittnd. ,negative,bike engine da sound yedde ittji ride la mast uncomfortable ittnd
"Service chur la yedde ittiji, below average",negative,service chur la yedde ittiji below average
Cat grooming brush mast useful aand hair fall la significantly reduce aand.,positive,cat grooming brush mast useful aand hair fall la significantly reduce aand
Drama stage da setup weak ittnd sound quality la aat yedde ittji. ,negative,drama stage da setup weak ittnd sound quality la aat yedde ittji
Loan approval fast aand process la simple ittnd. ,positive,loan approval fast aand process la simple ittnd
overall laik and panoli,neutral,overall laik and panoli
"aath dala ittiji, content matra plain ittend",neutral,aath dala ittiji content matra plain ittend
Ration shop da queue mast long ittnd management laik ittji. ,negative,ration shop da queue mast long ittnd management laik ittji
Puzzle game okay okay ittnd design simple aand. ,neutral,puzzle game okay okay ittnd design simple aand
Juice mast watery aad ittnd ait fruit da taste la barondittiji.,negative,juice mast watery aad ittnd ait fruit da taste la barondittiji
undu simple ok undu,neutral,undu simple ok undu
UPI payment yedde smooth ittnd transaction la instantly aand.,positive,upi payment yedde smooth ittnd transaction la instantly aand
ath dala crazy ittiji just normal,neutral,ath dala crazy ittiji just normal
Pest control staff mast rude itter behaviour la aat yedde ittji. ,negative,pest control staff mast rude itter behaviour la aat yedde ittji
undu acting chur over undu,negative,undu acting chur over undu
story mast simple diter,neutral,story mast simple diter
"Mobile da display mast clear ittnd, gaming malpareg yeddde smooth and. ",positive,mobile da display mast clear ittnd gaming malpareg yeddde smooth and
Swiggy delivery mast fast ittnd food la hot hot ittnd. ,positive,swiggy delivery mast fast ittnd food la hot hot ittnd
tulu pride undu bro,positive,tulu pride undu bro
climax average ittend,neutral,climax average ittend
Dress da colour yedde bright ittnd material la comfortable ittnd. ,positive,dress da colour yedde bright ittnd material la comfortable ittnd
Amusement park food mast narakka ittnd taste la yedde ittji.,negative,amusement park food mast narakka ittnd taste la yedde ittji
Online shopping da return process mast slow ittnd refund la mast late battnd. ,negative,online shopping da return process mast slow ittnd refund la mast late battnd
Theatre AC yedde ittji mast slow cooling avond ittnd. ,negative,theatre ac yedde ittji mast slow cooling avond ittnd
Amazon Fresh veggies da quality average ittnd aanda rate fine ittnd.,neutral,amazon fresh veggies da quality average ittnd aanda rate fine ittnd
undu matra heart touching ittend ava,positive,undu matra heart touching ittend ava
"song repeated ithend, bore and ",negative,song repeated ithend bore and
direction matra crazy undu neat ad execution and,positive,direction matra crazy undu neat ad execution and
School campus mast neat ittnd teachers la full supportive itter.,positive,school campus mast neat ittnd teachers la full supportive itter
Office cafeteria food okay okay ittnd aand price jasti aand. ,neutral,office cafeteria food okay okay ittnd aand price jasti aand
trailor matra topp undu,positive,trailor matra top undu
Kurta d embroidery mast neat ittnd fabric la yedd light ittnd. ,positive,kurta d embroidery mast neat ittnd fabric la yedd light ittnd
Movie songs average itta aand background score yedde ittnd. ,neutral,movie songs average itta aand background score yedde ittnd
Toaster performance okay okay ittnd bread kelav sari uneven ittnd. ,neutral,toaster performance okay okay ittnd bread kelav sari uneven ittnd
Salon da service okay okay ittnd haircut normal und. ,neutral,salon da service okay okay ittnd haircut normal und
Boat ride yedde smooth ittnd scenary la mast beautiful ittnd. ,positive,boat ride yedde smooth ittnd scenary la mast beautiful ittnd
"editing sharp ithend, yedde pace",positive,editing sharp ithend yedde pace
Spa d massage mast relaxing ittnd staff la mast professional itter. ,positive,spa d massage mast relaxing ittnd staff la mast professional itter
Fridge da cooling yedde fast und vegetables mata fresh ippuva.,positive,fridge da cooling yedde fast und vegetables mata fresh ippuva
onji sarti tuvare ok undu,neutral,onji sarti tuvare ok undu
Fairground rides mast unsafe feel aaya staff la mast careless itter. ,negative,fairground rides mast unsafe feel aaya staff la mast careless itter
kelav scenes baji booring ittend ,negative,kelav scenes baji boring ittend
undu not bad but not good undu,neutral,undu not bad but not good undu
overall simple decent film undu,neutral,overall simple decent film undu
Car service center staff polite itter aanda distance jasti aand. ,neutral,car service center staff polite itter aanda distance jasti aand
song matra saik undu goosebumps barpund,positive,song matra saik undu goosebumps barpund
Maid maltina bele mast reliable ittnd house full clean aand. ,positive,maid maltina bele mast reliable ittnd house full clean aand
dialogues average undu casual adh,neutral,dialogues average undu casual adh
Airport cab driver yedde helpful itter luggage geppareg la help malter. ,positive,airport cab driver yedde helpful itter luggage geppareg la help malter
"overall positive vibes ithend, nice tuvare",positive,overall positive vibes ithend nice tuvare
Movie d acting mast strong ittnd dialogues mata mast powerful itta . ,positive,movie d acting mast strong ittnd dialogues mata mast powerful itta
movie tood mast confusion and direction correct ittiji,negative,movie tood mast confusion and direction correct ittiji
undu vibes matra ok ok undu,neutral,undu vibes matra ok ok undu
Cinema edde ittnd aanda second half mast slow aand. ,neutral,cinema edde ittnd aanda second half mast slow aand
Cricket bat da quality yedde ittji handle pakka break aand. ,negative,cricket bat da quality yedde ittji handle pakka break aand
"trailer ok ithend, dala bad ijji",neutral,trailer ok ithend dala bad ijji
Coffee taste yedde fresh ittnd aanda quantity mast kammi aand . ,neutral,coffee taste yedde fresh ittnd aanda quantity mast kammi aand
Mobile charging da speed laik undu battery backup la super undu. ,positive,mobile charging da speed laik undu battery backup la super undu
story weak ithend yenk connect malpare aiji,negative,story weak ithend yenk connect malpare aiji
anna acting matra yena saik ittend,positive,anna acting matra yena saik ittend
undu normal comedy ittend,negative,undu normal comedy ittend
Pet shampoo da smell mast strong ittnd dog g mast irritate aand.,negative,pet shampoo da smell mast strong ittnd dog g mast irritate aand
"movie super ithend, yenk like and",positive,movie super ithend yenk like and
undu full timepass malpre pantina movie ok ish,neutral,undu full timepass malpre pantina movie ok ish
Laundry service average ittnd ironing la normal ittnd.,neutral,laundry service average ittnd ironing la normal ittnd
climax matra awesome ittend dala pandala,positive,climax matra awesome ittend dala pandala
Health camp da facilities average itta kali basic checkup matra. ,neutral,health camp da facilities average itta kali basic checkup matra
Dog treats mast yedde itta . ,positive,dog treats mast yedde itta
dialogues casual and realistic ijji,neutral,dialogues casual and realistic ijji
Swiggy tracking mast smooth ittnd updates mast accurate itta.,positive,swiggy tracking mast smooth ittnd updates mast accurate itta
Chips masala okay okay ittnd taste la normal ittnd. ,neutral,chips masala okay okay ittnd taste la normal ittnd
"Concert da sound system yeddde ittiji, music onchoor la clear ittiji. ",negative,concert da sound system yeddde ittiji music onchoor la clear ittiji
netta content chur overhyped undu,negative,netta content chur overhyped undu
"music average ithend, kammi yedde tracks ithend",neutral,music average ithend kammi yedde tracks ithend
Amusement park staff rude itter management mast poor ittnd. ,negative,amusement park staff rude itter management mast poor ittnd
climax scene ed mast twist undu ya,positive,climax scene ed mast twist undu ya
Coffee da taste average ittnd anda ambience laik ittnd. ,neutral,coffee da taste average ittnd anda ambience laik ittnd
storyline ok ok average undu special ijji,neutral,storyline ok ok average undu special ijji
"Hotel breakfast mast laik ittnd, service la fast fast ittnd. ",positive,hotel breakfast mast laik ittnd service la fast fast ittnd
Tourist spot okay okay ittnd aanda crowd jasti aand. ,neutral,tourist spot okay okay ittnd aanda crowd jasti aand
Rice cooker use malpareg mast easy ittnd cooking la fast fast aand. ,positive,rice cooker use malpareg mast easy ittnd cooking la fast fast aand
Dog food quality mast yedde ittnd yenna dog bega healthy aand.,positive,dog food quality mast yedde ittnd yenna dog bega healthy aand
"visuals la ok ok ithend, average ithend",neutral,visuals la ok ok ithend average ithend
Restaurant da ambience yedde ittnd aanda food okay okay .,neutral,restaurant da ambience yedde ittnd aanda food okay okay
Govt hospital hygiene mast narakka ittnd chur la cleanliness ittji.,negative,govt hospital hygiene mast narakka ittnd chur la cleanliness ittji
Dining table yedde strong und finishing mata neat und. ,positive,dining table yedde strong und finishing mata neat und
Ambulance service mast speed ittnd response la yedde ittnd. ,positive,ambulance service mast speed ittnd response la yedde ittnd
Mutual fund advice okay okay ittnd returns normal itta.,neutral,mutual fund advice okay okay ittnd returns normal itta
climax scene mast emotional itend super,positive,climax scene mast emotional itend super
Flight da service yedde smooth ittnd landing la safe aand. ,positive,flight da service yedde smooth ittnd landing la safe aand
Phone da camera yedde sharp undu night photos mast clear baida. ,positive,phone da camera yedde sharp undu night photos mast clear baida
Pet boarding service mast safe ittnd staff la yedde friendly itta. ,positive,pet boarding service mast safe ittnd staff la yedde friendly itta
netta beat matra fire unduya,positive,netta beat matra fire unduya
Music app playlist mast yedde ittnd yenna mood refresh aand. ,positive,music app playlist mast yedde ittnd yenna mood refresh aand
Shampoo da smell mast strong ittnd hair mast dry aand. ,negative,shampoo da smell mast strong ittnd hair mast dry aand
Coworking space ambience mast yedde ittnd wifi la fast ittnd. ,positive,coworking space ambience mast yedde ittnd wifi la fast ittnd
hero da entry matra crazy undu,positive,hero da entry matra crazy undu
Train delay aand anda seat yedde comfortable ittnd. ,neutral,train delay aand anda seat yedde comfortable ittnd
"Match full exciting ittnd, audience mata full josh d naltonditter.",positive,match full exciting ittnd audience mata full josh d naltonditter
Dunzo service okay okay ittnd kelav sari delay la ittnd.,neutral,dunzo service okay okay ittnd kelav sari delay la ittnd
Chips mast crispy itta masala la perfect ittnd. ,positive,chips mast crispy itta masala la perfect ittnd
alna acting ok ok undu,neutral,alna acting ok ok undu
alna acting matra worst andh panoli,negative,alna acting matra worst andh panoli
"climax strong la ijji weak la ijji, ok ithend",neutral,climax strong la ijji weak la ijji ok ithend
Radio station ads mast jasti itta onchoor irritate aand. ,negative,radio station ads mast jasti itta onchoor irritate aand
"climax predictable ithend, matra fine",neutral,climax predictable ithend matra fine
average output ittend,neutral,average output ittend
Park da greenary laik aad ittnd walking malpanaga yedde relax feel aand. ,positive,park da greenary laik aad ittnd walking malpanaga yedde relax feel aand
acting matra realistic ittend,positive,acting matra realistic ittend
last eg message matra beautiful undu,positive,last eg message matra beautiful undu
Bank da online portal mast smooth ittnd payment malpareg la easy aand.,positive,bank da online portal mast smooth ittnd payment malpareg la easy aand
Event timing delay aand aik audience g mast time wait malpareg aand.,negative,event timing delay aand aik audience g mast time wait malpareg aand
"story old ithend, dala new ijji",negative,story old ithend dala new ijji
hero na dress antu ayeg full match apund,positive,hero na dress antu ayeg full match apund
undu okayish ittend,neutral,undu okayish ittend
ATM machine sari ittiji janakul poora frustrate ayer.,negative,atm machine sari ittiji janakul poora frustrate ayer
Blinkit snacks bega battnd packaging la yedde ittnd.,positive,blinkit snacks bega battnd packaging la yedde ittnd
story mast normal ittend kelav scenes anthu baji boring,negative,story mast normal ittend kelav scenes anthu baji boring
Saree exhibition discount mast useful aand collection la malla ittnd. ,positive,saree exhibition discount mast useful aand collection la malla ittnd
transitions matra saik undu,positive,transitions matra saik undu
movie direct maldina sari athiji waste,negative,movie direct maldina sari athiji waste
song da beat matra saik undu,positive,song da beat matra saik undu
Gym trainer yedde supportive itter aanda aat knowledge ittji. ,neutral,gym trainer yedde supportive itter aanda aat knowledge ittji
"story engaging ithend, attention grab malthend",positive,story engaging ithend attention grab malthend
Resort da view mast mind blowing ittnd photos mast laik baida. ,positive,resort da view mast mind blowing ittnd photos mast laik baida
undu chur boor lakka feel and,negative,undu chur boor lakka feel and
story line heart touching ithend,positive,story line heart touching ithend
Streaming app da content mast laik ittnd movies d variety laik ittnd. ,positive,streaming app da content mast laik ittnd movies d variety laik ittnd
chur ok ok lakka video undu,neutral,chur ok ok lakka video undu
Cinema hall sound yedde clear ittnd seats yedde comfortable itta sound quality la yedde ittnd. ,positive,cinema hall sound yedde clear ittnd seats yedde comfortable itta sound quality la yedde ittnd
Dance show average ittnd aanda costumes mata colourful itta.,neutral,dance show average ittnd aanda costumes mata colourful itta
Net banking service okay okay ittnd kelav functions slow itta. ,neutral,net banking service okay okay ittnd kelav functions slow itta
DJ night da lighting super ittnd beats mata yedde catchy itta. ,positive,dj night da lighting super ittnd beats mata yedde catchy itta
just normal movie undu not too good not too bad,neutral,just normal movie undu not too good not too bad
day matra laik pond mare after watching undu,positive,day matra laik pond mare after watching undu
Bike service da charge masth high aand ath worth ijji. ,negative,bike service da charge masth high aand ath worth ijji
undu chur fake lakka feel and,negative,undu chur fake lakka feel and
"screenplay tight ithend, bore athuji",positive,screenplay tight ithend bore athuji
undu full flop song ,negative,undu full flop song
yank mast laik and,positive,yank mast laik and
movie da flow normal undu,neutral,movie da flow normal undu
Restaurant da service mast slow aand bill la late battnd. ,negative,restaurant da service mast slow aand bill la late battnd
Taxi app crash avond ittnd booking malpareg mast banga aand.,negative,taxi app crash avond ittnd booking malpareg mast banga aand
director da manday matra saik crazy idea use malde,positive,director da manday matra saik crazy idea use malde
Pet cage material mast weak ittnd lock break aand. ,negative,pet cage material mast weak ittnd lock break aand
Theatre ticket booking app crash aad mast inconvenience aand. ,negative,theatre ticket booking app crash aad mast inconvenience aand
sotry matra flop ittend,negative,sotry matra flop ittend
Fish food quality okay okay ittnd water cloudy cloudy avareg start aand. ,neutral,fish food quality okay okay ittnd water cloudy cloudy avareg start aand
"storyline mast weak ittend , chur improve maldoli",negative,storyline mast weak ittend  chur improve maldoli
"choreography superb ithend, dance la yedde ithend",positive,choreography super ithend dance la yedde ithend
editing matra over cringe and,negative,editing matra over cringe and
ayena dance dala laik ittiji,negative,ayena dance dala laik ittiji
Pet shop items okay okay ittnd collection aath special ittiji. ,neutral,pet shop items okay okay ittnd collection aath special ittiji
acting matra ayena super undu,positive,acting matra ayena super undu
Govt office paperwork mast slow ittnd sumar delay avond ittnd. ,negative,govt office paperwork mast slow ittnd sumar delay avond ittnd
Match ticket rate jasti aand but crowd yedde enjoy malder. ,neutral,match ticket rate jasti aand but crowd yedde enjoy malder
Water heater leak avond ittnd service la mast slow ittnd. ,negative,water heater leak avond ittnd service la mast slow ittnd
Fitness app use malpareg mast easy aand workout guide la simple ittnd. ,positive,fitness app use malpareg mast easy aand workout guide la simple ittnd
Bus da seat okay okay ittnd ait special dala ittji. ,neutral,bus da seat okay okay ittnd ait special dala ittji
PC game mast lag avond ittnd controls la unresponsive itta. ,negative,pc game mast lag avond ittnd controls la unresponsive itta
undu normal average undu,neutral,undu normal average undu
Salon da facial neat ittnd skin la mast soft aand. ,positive,salon da facial neat ittnd skin la mast soft aand
second half chur jasti and,negative,second half chur jasti and
"movie message oriented ithend, like malthe yan",positive,movie message oriented ithend like malthe yan
direction la immature ithend talent waste malthe,negative,direction la immature ithend talent waste malthe
unndu kali one time tuvareg,neutral,unndu kali one time tuvareg
"climax message powerful ithend, thumbs up",positive,climax message powerful ithend thumbs up
song beat matra booring andh feel and,negative,song beat matra boring andh feel and
climax ye ijji movied ,negative,climax ye ijji movied
"cinema passable ithend, onji sarti watch",neutral,cinema passable ithend onji sarti watch
Ee cinema super und anda songs ath yedde ijji.,neutral,ee cinema super und anda songs ath yedde ijji
bgm matra crazy undu,positive,bgm matra crazy undu
Bank staff mast helpful itter account bega open malth koryer.,positive,bank staff mast helpful itter account bega open malth koryer
"yenk dislike and, kushi athiji",negative,yenk dislike and kushi athiji
Festival d crowd mast itter entry management chur la yedde ittji.,negative,festival d crowd mast itter entry management chur la yedde ittji
storyline matra normal ittend,neutral,storyline matra normal ittend
dance matra crazy undu mass level,positive,dance matra crazy undu mass level
Theme park rides mast old itta maintenance yedde ittjji. ,negative,theme park rides mast old itta maintenance yedde ittjji
undu bad direction undu,negative,undu bad direction undu
"cinema vibes mass ithend, yan enjoy malthe",positive,cinema vibes mass ithend yan enjoy malthe
House shifting service okay okay ittnd packaging la fine. ,neutral,house shifting service okay okay ittnd packaging la fine
overall effect average undu,neutral,overall effect average undu
Shampoo bottle design yedde neat ittnd anda smell neutral ittnd. ,neutral,shampoo bottle design yedde neat ittnd anda smell neutral ittnd
undu storyline ok ok undu,neutral,undu storyline ok ok undu
Delivery boy mast careless itte aye yenna parcel ye tirth padiye. ,negative,delivery boy mast careless itte aye yenna parcel ye tirth padiye
Meals yedde filling ittnd aanda sambar da taste normal ittnd aath special ittji.,neutral,meals yedde filling ittnd aanda sambar da taste normal ittnd aath special ittji
AC repair mast yedde malte cooling fast avond ittnd. ,positive,ac repair mast yedde malte cooling fast avond ittnd
"Hotel da washroom mast narakka ittnd, cleaning onchoor la yedde ittji. ",negative,hotel da washroom mast narakka ittnd cleaning onchoor la yedde ittji
E-commerce site d mast bugs itta ait cart crash avond ittnd. (,negative,ecommerce site d mast bugs itta ait cart crash avond ittnd
Live concert management yeded ittji entry mast chaotic ittnd. ,negative,live concert management yeded ittji entry mast chaotic ittnd
Packaged milk d mast bad smell barond ittnd milk spoil aad ittnd.,negative,packaged milk d mast bad smell barond ittnd milk spoil aad ittnd
director eg matra salute korod,positive,director eg matra salute korod
"video mast yedde undu, inchane malpule",positive,video mast yedde undu inchane malpule
"Service g baidini, aanda delay aand.",negative,service g baidini aanda delay aand
Trek path average ittnd signage kammi aand. ,neutral,trek path average ittnd signage kammi aand
"sound design fine ithend, dala special ijji",neutral,sound design fine ithend dala special ijji
yenk neutral feel and watching ed,neutral,yenk neutral feel and watching ed
yank mast inspiration sikkend,positive,yank mast inspiration sikkend
climax matra crazy undu super,positive,climax matra crazy undu super
Pizza da base mast hard ittnd ait cheese la mast kammi paddhitter. ,negative,pizza da base mast hard ittnd ait cheese la mast kammi paddhitter
Hospital da staff yedde polite itter wait time la kammi ittnd. ,positive,hospital da staff yedde polite itter wait time la kammi ittnd
Concert da sound system mast clear ittnd music la super ittnd.,positive,concert da sound system mast clear ittnd music la super ittnd
first half ok ittend second half mast drag malder,negative,first half ok ittend second half mast drag malder
yank matra madyad boor andya,negative,yank matra madyad boor andya
Municipality garbage collection okay okay ittnd kelav sari late avond ittnd.,neutral,municipality garbage collection okay okay ittnd kelav sari late avond ittnd
Lipstick shade mast yedde ittnd texture yedde smooth ittnd. ,positive,lipstick shade mast yedde ittnd texture yedde smooth ittnd
Belt da quality yedde ittji leather bega haal aand. ,negative,belt da quality yedde ittji leather bega haal aand
climax dala yedde ittiji,negative,climax dala yedde ittiji
bro ok ok experience undu,neutral,bro ok ok experience undu
song repeate malpre matra worth undu,positive,song repeate malpre matra worth undu
"direction fine ithend, dala special ithiji",neutral,direction fine ithend dala special ithiji
Baby blanket aath yedde ittji aanda size perfect ittnd. ,neutral,baby blanket aath yedde ittji aanda size perfect ittnd
Spare parts shop average ittnd stock la limited ittnd.,neutral,spare parts shop average ittnd stock la limited ittnd
dance step matra clean undya,positive,dance step matra clean undya
undu climax baji waste ittend,negative,undu climax baji waste ittend
movied logic ye ittiji ,negative,movied logic ye ittiji
bgm matra crazy undu repeat malted kenga andh and,positive,bgm matra crazy undu repeat malted kenga andh and
Flat interior design mast stylish ittnd finishing la neat aand. ,positive,flat interior design mast stylish ittnd finishing la neat aand
"Park atmosphere yedde calm ittnd, baidina pooragulu enjoy malter.",positive,park atmosphere yedde calm ittnd baidina pooragulu enjoy malter
Singer voice awesome ittnd performance la super. ,positive,singer voice awesome ittnd performance la super
"overall cinema average undu, neutral feel and",neutral,overall cinema average undu neutral feel and
Holi colours mast  low quality itta skin allergy aand. ,negative,holi colours mast  low quality itta skin allergy aand
"hero na acting average ithend, impress atiji",negative,hero na acting average ithend impress atiji
Festive queue okay okay ittnd waiting manageable ittnd. ,neutral,festive queue okay okay ittnd waiting manageable ittnd
headache avare karana undu,negative,headache avare karana undu
aye chur over malde ,negative,aye chur over malde
time pass goskara tupini nothing special,neutral,time pass goskara tupini nothing special
script baji waste undu,negative,script baji waste undu
overall simple undu ,neutral,overall simple undu
Ice cream da flavour mast yedde ittnd cone la mast crunchy ittnd. ,positive,ice cream da flavour mast yedde ittnd cone la mast crunchy ittnd
Pest control spray mast useless ittnd insects poora pothiji. ,negative,pest control spray mast useless ittnd insects poora pothiji
Phone da sound quality clear undu calls smoothly malpoli.,positive,phone da sound quality clear undu calls smoothly malpoli
motivation matra laik korte,positive,motivation matra laik korte
visuals matra laik undu,positive,visuals matra laik undu
Art exhibition laik ittnd paintings mata mast  interesting itta. ,positive,art exhibition laik ittnd paintings mata mast  interesting itta
Train correct time g battnd boka journey la yedde smooth ittnd. ,positive,train correct time g battnd boka journey la yedde smooth ittnd
Accessory shop d items okay okay itta aanda collection limited ittnd. ,neutral,accessory shop d items okay okay itta aanda collection limited ittnd
mast efforts padijer but ok undu,neutral,mast efforts padijer but ok undu
anna undu kammi hype korpund,negative,anna undu kammi hype korpund
background music matra waste,negative,background music matra waste
villain da acting matra next level undu,positive,villain da acting matra next level undu
Local mela toilets mast dirty itta hygiene mast narakka ittnd. ,negative,local mela toilets mast dirty itta hygiene mast narakka ittnd
Park da atmosphere yedde peaceful ittnd kaande da walk mast yedde ittnd. ,positive,park da atmosphere yedde peaceful ittnd kaande da walk mast yedde ittnd
Housing loan process smooth d aand nana party malpoli. ,positive,housing loan process smooth d aand nana party malpoli
climax matra full twist undu,positive,climax matra full twist undu
Tea da taste normal ittnd aath strong ittji.,neutral,tea da taste normal ittnd aath strong ittji
nett dala posa unique scene ittiji ,neutral,nett dala posa unique scene ittiji
Bank da staff mast rude itter yenna enquiry g chur la help maldijer. ,negative,bank da staff mast rude itter yenna enquiry g chur la help maldijer
"action repeat ithend, orginality ijji",negative,action repeat ithend orginality ijji
yannada neutral response undu,neutral,yannada neutral response undu
climax twist matra super undu,positive,climax twist matra super undu
Hotel staff mast rude itter checkin malpanaga mast late aand.,negative,hotel staff mast rude itter checkin malpanaga mast late aand
Car battery dead aad mast inconvenience aand. ,negative,car battery dead aad mast inconvenience aand
Movie da songs mast melodius ad itta audience poora clap malter. ,positive,movie da songs mast melodius ad itta audience poora clap malter
netta story line matra average undu,neutral,netta story line matra average undu
yank song matra mast ishta and,positive,yank song matra mast ishta and
Electrician mast late batte wiring la complete maldije.,negative,electrician mast late batte wiring la complete maldije
movie avergae unduya aatth dala ittiji,neutral,movie avergae unduya aatth dala ittiji
background score matra toppp undu,positive,background score matra toppp undu
Gym da equipment poora new ittnd trainer la yedde help malder. ,positive,gym da equipment poora new ittnd trainer la yedde help malder
Doll da dress quality yedde ittji mast bega tear aand. ,negative,doll da dress quality yedde ittji mast bega tear aand
undu movie ok ok lakka ittend,neutral,undu movie ok ok lakka ittend
Music app playlist okay okay ittnd aanda song collection limited ittnd. ,neutral,music app playlist okay okay ittnd aanda song collection limited ittnd
undu matra flop a andh,negative,undu matra flop a andh
undu baji weak twist mare ,negative,undu baji weak twist mare
undu ok ok undu,neutral,undu ok ok undu
Website da speed okay okay ittnd load time la average ittnd. ,neutral,website da speed okay okay ittnd load time la average ittnd
Juicer filter mast weak ittnd mast pulp waste avond ittnd.,negative,juicer filter mast weak ittnd mast pulp waste avond ittnd
Online class system yeddde ittnd anda internet mast lag avond ittind. ,neutral,online class system yeddde ittnd anda internet mast lag avond ittind
Doctor dalpa checkup bega aand explanation la mast clear aad koryer.,positive,doctor dalpa checkup bega aand explanation la mast clear aad koryer
hero boka heroin da jodi laik undu,positive,hero boka heroin da jodi laik undu
Seminar da topics okay okay itta kelav boring la itta. ,neutral,seminar da topics okay okay itta kelav boring la itta
Swiggy order cancel aand refund la mast late battnd.,negative,swiggy order cancel aand refund la mast late battnd
Football ground okay okay ittnd grass mast uneven ittnd. ,neutral,football ground okay okay ittnd grass mast uneven ittnd
Diwali market lights mast beautiful itta stalls mata full of energy itta. ,positive,diwali market lights mast beautiful itta stalls mata full of energy itta
song da lyrics matra sakath undu,positive,song da lyrics matra sakath undu
boss ee level up maltana and,positive,boss ee level up maltana and
Shopping site nakalna delivery fast ittnd product la genuine ittnd. ,positive,shopping site nakalna delivery fast ittnd product la genuine ittnd
undu nana neutral undu andh and,neutral,undu nana neutral undu andh and
undu average undu ok ok panaoli,neutral,undu average undu ok ok panaoli
"heroine acting weak ithend, emmotion ijji",negative,heroine acting weak ithend emmotion ijji
"Phone heating problem jasti avond ittnd, gaming g mast banga avondh ittind.",negative,phone heating problem jasti avond ittnd gaming g mast banga avondh ittind
story mast weak lakka feel and,negative,story mast weak lakka feel and
Car wash mast neat ittnd boka fast la malter.,positive,car wash mast neat ittnd boka fast la malter
Online payment successful end battnd aanda message late battini. ,neutral,online payment successful end battnd aanda message late battini
Mixer grinder da performance okay okay ittnd chutney la average.,neutral,mixer grinder da performance okay okay ittnd chutney la average
movie matra sakath undu,positive,movie matra sakath undu
climax matra sakat ittend full crazy,positive,climax matra sakat ittend full crazy
Service center da staff mast careless itter yenna problem la fix maltijer. ,negative,service center da staff mast careless itter yenna problem la fix maltijer
"music just ok ithend, neutral feel ",neutral,music just ok ithend neutral feel
close friends nottu share malpod and andya,neutral,close friends nottu share malpod and andya
Cat litter da smell mast narakka ittnd cleaning chur la effective ittji. ,negative,cat litter da smell mast narakka ittnd cleaning chur la effective ittji
song eg onji onji beats undu crazy undu,positive,song eg onji onji beats undu crazy undu
"Park yedde clean ittnd, jokul mast enjoy malter. ",positive,park yedde clean ittnd jokul mast enjoy malter
cinema feel good ithend recommend malpuve,positive,cinema feel good ithend recommend malpuve
"Restaurant seat booking d enano problem ittnd, nama mast time kathonditta.",negative,restaurant seat booking d enano problem ittnd nama mast time kathonditta
undu idea matra top undu,positive,undu idea matra top undu
unden tunda headache start apund,negative,unden tunda headache start apund
camera angles matra amazing undu,positive,camera angles matra amazing undu
acting matra super undu,positive,acting matra super undu
"dialouges normal ithend, dala wow ijji",neutral,dialouges normal ithend dala wow ijji
climax next level ittend twist antu super,positive,climax next level ittend twist antu super
hotel da bathroom yeddde ittji mast smell barond ittnd,negative,hotel da bathroom yeddde ittji mast smell barond ittnd
full movie neutral flow ittend,neutral,full movie neutral flow ittend
Online shopping site okay ittnd anda product time g battnd. ,neutral,online shopping site okay ittnd anda product time g battnd
ayena acting mast over apund,negative,ayena acting mast over apund
"story narration smooth ithend, liked",positive,story narration smooth ithend liked
dialogues matra crazy ittend ayena,positive,dialogues matra crazy ittend ayena
bro performance matra super undu ava,positive,bro performance matra super undu ava
Hair oil da effect average ittnd aat daala growth athiji.,neutral,hair oil da effect average ittnd aat daala growth athiji
Podcast sound quality aat yedde ittji mast noisy ittnd. ,negative,podcast sound quality aat yedde ittji mast noisy ittnd
Flight da service yedde neat aad ittnd staff la mast polite itter. ,positive,flight da service yedde neat aad ittnd staff la mast polite itter
Camping setup neat ittnd staff la mast friendly itter. ,positive,camping setup neat ittnd staff la mast friendly itter
Biscuit da quality okay okay ittnd sweetness chur kammi aand.,neutral,biscuit da quality okay okay ittnd sweetness chur kammi aand
City tour guide okay okay itte information repeat maltonditte.,neutral,city tour guide okay okay itte information repeat maltonditte
Handicraft mela stalls mast interesting itta mast unique items mata itta. ,positive,handicraft mela stalls mast interesting itta mast unique items mata itta
story simple ithend matra heart eg touch and,positive,story simple ithend matra heart eg touch and
Metro ticket booking easy ittnd machine la fast ittnd. ,positive,metro ticket booking easy ittnd machine la fast ittnd
visuals matra crazy undu bro ,positive,visuals matra crazy undu bro
Apartment facilities mast yedde itta security la tight ittnd.,positive,apartment facilities mast yedde itta security la tight ittnd
Concert sound system fail aand audience g mast disappointment aand. ,negative,concert sound system fail aand audience g mast disappointment aand
Pantry facilities average itta aanda tea okay ittnd. ,neutral,pantry facilities average itta aanda tea okay ittnd
Shooting game sound effects mast powerful itta experience yedde realistic ittnd. ,positive,shooting game sound effects mast powerful itta experience yedde realistic ittnd
"camera work clean ithend, impress aye",positive,camera work clean ithend impress aye
"climax mast drag malther, dull and",negative,climax mast drag malther dull and
Municipality park maintenance mast neat ittnd jokul yedde enjoy malter.,positive,municipality park maintenance mast neat ittnd jokul yedde enjoy malter
Metro service okay okay ittnd aanda mast crowded ittnd. ,neutral,metro service okay okay ittnd aanda mast crowded ittnd
camera angle matra mind blowing undu,positive,camera angle matra mind blowing undu
Printing shop service mast quick ittnd quality la yedde und mast . ,positive,printing shop service mast quick ittnd quality la yedde und mast
Coaching teacher yedde clearly explain malder aik subject kalpareg la mast easy aand. ,positive,coaching teacher yedde clearly explain malder aik subject kalpareg la mast easy aand
onji super video nik insta d share malde tula,positive,onji super video nik insta d share malde tula
Office lift breakdown aad mast delay aand. ,negative,office lift breakdown aad mast delay aand
Mobile app mast crash avond ittnd login malpareg mast problem aand.,negative,mobile app mast crash avond ittnd login malpareg mast problem aand
wow undu mind blowing undu bro,positive,wow undu mind blowing undu bro
undu acting matra cring ittend,negative,undu acting matra cring ittend
Mall da ambience mast yedde ittnd aanda parking tikkareg onchoor banga aand. ,neutral,mall da ambience mast yedde ittnd aanda parking tikkareg onchoor banga aand
Chocolate bar mast tasty ittnd mast smoothly melt aand. ,positive,chocolate bar mast tasty ittnd mast smoothly melt aand
ayena acting tood mast connecting feel and,positive,ayena acting tood mast connecting feel and
Festival bazaar energy mast high ittnd aanda crowd manage malpareg banga aand. ,neutral,festival bazaar energy mast high ittnd aanda crowd manage malpareg banga aand
movie matra mast emotional ittend,positive,movie matra mast emotional ittend
Apartment swimming pool yedde clean ittnd jokul yedde enjoy malter. ,positive,apartment swimming pool yedde clean ittnd jokul yedde enjoy malter
dialogues normal ittend dala over ittiji,neutral,dialogues normal ittend dala over ittiji
PG washroom narakka ittnd water la time time g matra barpini.,negative,pg washroom narakka ittnd water la time time g matra barpini
undu video chur low quality undu,negative,undu video chur low quality undu
Floor cleaner da smell mast strong ittnd yenk headache avareg suru aand.,negative,floor cleaner da smell mast strong ittnd yenk headache avareg suru aand
"TV da picture quality super und, sound clarity la yedde und.",positive,tv da picture quality super und sound clarity la yedde und
HR staff mast polite itter problem bega solve malter.,positive,hr staff mast polite itter problem bega solve malter
Vet doctor mast caring itter treatment bega aand. ,positive,vet doctor mast caring itter treatment bega aand
"villian na role decent ithend, jasti impact ithiji",neutral,villian na role decent ithend jasti impact ithiji
Coffee da tasste normal ye undu daala special ijji. ,neutral,coffee da tasste normal ye undu daala special ijji
Bank SMS alerts okay ittnd aanda frequently barond ittnd.,neutral,bank sms alerts okay ittnd aanda frequently barond ittnd
"Bike design yedde stylish und,ride malpareg la smooth apund.",positive,bike design yedde stylish undride malpareg la smooth apund
undu average category barpund ya,neutral,undu average category barpund ya
music matra saik undu,positive,music matra saik undu
Badminton shuttle okay okay ittnd speed mast inconsistent ittnd.,neutral,badminton shuttle okay okay ittnd speed mast inconsistent ittnd
"villian overact malthe, irritating and",negative,villian overact malthe irritating and
vibe matra ok itend,neutral,vibe matra ok itend
lyrics matra emotional ittend heart touch and,positive,lyrics matra emotional ittend heart touch and
chur matra overacting undu,negative,chur matra overacting undu
hero da performance mast energetic ittend,positive,hero da performance mast energetic ittend
"Hotel bari clean ittnd, staff yedde polite itter.",positive,hotel bari clean ittnd staff yedde polite itter
Training session da content normal ittnd aath dala special ittiji. ,neutral,training session da content normal ittnd aath dala special ittiji
Pet bed mast comfortable ittnd. ,positive,pet bed mast comfortable ittnd
"dialouges fine ithend, normal",neutral,dialouges fine ithend normal
comedy da timing antu top notch,positive,comedy da timing antu top notch
Microwave heating feature yedde fast undu food hot hot barpundu.,positive,microwave heating feature yedde fast undu food hot hot barpundu
average acting matra,neutral,average acting matra
dala tovareg ijjida undu movie toovoli,neutral,dala tovareg ijjida undu movie toovoli
netta scenes matra saik ittend,positive,netta scenes matra saik ittend
content matra yepala lovely bro ,positive,content matra yepala lovely bro
neutal ittend aath dala vibe korutji,neutral,neutal ittend aath dala vibe korutji
"song beat catchy ithend, repeat malpuve ",positive,song beat catchy ithend repeat malpuve
Painter na bele mast professional ittnd walls yedde bright tojond itta. ,positive,painter na bele mast professional ittnd walls yedde bright tojond itta
visuals matra next level sakath edit malder,positive,visuals matra next level sakath edit malder
ayena acting mast irritate apund,negative,ayena acting mast irritate apund
costume da color matra crazy undu ,positive,costume da color matra crazy undu
"Parcel maldina food poora cold ittnd, experience yedde ittiji.",negative,parcel maldina food poora cold ittnd experience yedde ittiji
TV serial okay okay ittnd aanda story mast drag malter. ,neutral,tv serial okay okay ittnd aanda story mast drag malter
Fantasy game world building mast creative ittnd characters mast strong itta. ,positive,fantasy game world building mast creative ittnd characters mast strong itta
yannada unique content undu,positive,yannada unique content undu
screenplay normal casual undu,neutral,screenplay normal casual undu
Parcel da box full damage ad ittnd yenna item la worst condition d ittnd. ,negative,parcel da box full damage ad ittnd yenna item la worst condition d ittnd
Coffee da aroma mast fresh aad ittnd taste la baari smooth ittnd. ,positive,coffee da aroma mast fresh aad ittnd taste la baari smooth ittnd
Hill station roads mast dangerous itta so travelling mast difficult aand.,negative,hill station roads mast dangerous itta so travelling mast difficult aand
villain da entry matra fire ittend,positive,villain da entry matra fire ittend
Dunzo delivery incomplete ittnd kelav items la missing itta. ,negative,dunzo delivery incomplete ittnd kelav items la missing itta
Soap da fragrance okay okay ittnd aat strong ittji. ,neutral,soap da fragrance okay okay ittnd aat strong ittji
Dumbbell da coating weak ittnd mast bega peel aand. ,negative,dumbbell da coating weak ittnd mast bega peel aand
Musical evening mast soothing ittnd singers na voice yedde clear ittnd.,positive,musical evening mast soothing ittnd singers na voice yedde clear ittnd
Beach visit average ittnd aanda sunset mast yedde ittnd.,neutral,beach visit average ittnd aanda sunset mast yedde ittnd
undu kali normal und,neutral,undu kali normal und
Packaged juice near expiry ittnd mast disappointment aand. ,negative,packaged juice near expiry ittnd mast disappointment aand
songs matra repeat malted kenga and apund so nice,positive,songs matra repeat malted kenga and apund so nice
hero da body matra crazy undu,positive,hero da body matra crazy undu
okay and panoli ,neutral,okay and panoli
Folk music show mast lively ittnd atmosphere yedde gammath ittnd.,positive,folk music show mast lively ittnd atmosphere yedde gammath ittnd
nett kandapade shouting ittend,negative,nett kandapade shouting ittend
Esports tournament management mast yedde ittnd live stream la smooth ittnd. ,positive,esports tournament management mast yedde ittnd live stream la smooth ittnd
"song matra smooth undu , gadi gadi repeat malted kenga and apund",positive,song matra smooth undu  gadi gadi repeat malted kenga and apund
"content rich ithend, felt good",positive,content rich ithend felt good
Handmade diya designs mast creative itta price la reasonable ittnd. ,positive,handmade diya designs mast creative itta price la reasonable ittnd
Mobile game ads okay okay itta aanda onchoor irritate aand.,neutral,mobile game ads okay okay itta aanda onchoor irritate aand
Gym d equipment poora new new ittnd anda trainer aath helpful ittije. ,neutral,gym d equipment poora new new ittnd anda trainer aath helpful ittije
dialogue delivery matra crazy undu,positive,dialogue delivery matra crazy undu
Curtain da quality average ittnd aanda colour mast laik ittnd. ,neutral,curtain da quality average ittnd aanda colour mast laik ittnd
dialogues matra baji boor undu,negative,dialogues matra baji boor undu
"heroine average ithol, normal performance ithend",neutral,heroine average ithol normal performance ithend
Saree da design mast beautiful ittnd rate la mast reasonable ittnd.,positive,saree da design mast beautiful ittnd rate la mast reasonable ittnd
"full family entertainment ithend, nenapug barpund",positive,full family entertainment ithend nenapug barpund
madyad chur negative energy ittini lakka feel and,negative,madyad chur negative energy ittini lakka feel and
"visual effects cheap ithend ya, catroon feel bathend",negative,visual effects cheap ithend ya catroon feel bathend
comment section gammat undu,neutral,comment section gammat undu
dance performance matra top class undu,positive,dance performance matra top class undu
dialogues kennaga yedde kick korpund,positive,dialogues kennaga yedde kick korpund
Cinema washroom mast dirty ittnd smell la barond ittnd. ,negative,cinema washroom mast dirty ittnd smell la barond ittnd
super motivation kortund bro,positive,super motivation kortund bro
"movie ok ok ithend, not bad",neutral,movie ok ok ithend not bad
Oven baking mast perfect aad cake mast fluffy ittnd. ,positive,oven baking mast perfect aad cake mast fluffy ittnd
Club music mast energetic ittnd crowd yedde enjoy malter. ,positive,club music mast energetic ittnd crowd yedde enjoy malter
acting matra top class undu,positive,acting matra top class undu
hero acting matra super,positive,hero acting matra super
Baby lotion average ittnd aanda hydration mast time ittnd.,neutral,baby lotion average ittnd aanda hydration mast time ittnd
best part climax undu,positive,best part climax undu
Gym da AC work avond ittji workout malpareg mast uncomfortable aand.,negative,gym da ac work avond ittji workout malpareg mast uncomfortable aand
anna mindblowing undu,positive,anna mindblowing undu
Rice cooker performance sari ittnd aanda size mast small aand. ,neutral,rice cooker performance sari ittnd aanda size mast small aand
"movie super la ijji flop la ijji, ok ithend",neutral,movie super la ijji flop la ijji ok ithend
New kurta color yedde shiny ittnd poorakul compliment koryer. ,positive,new kurta color yedde shiny ittnd poorakul compliment koryer
acting ath dala laik ittiji,negative,acting ath dala laik ittiji
Builder na work neat ittnd finishing la impressive ittnd. ,positive,builder na work neat ittnd finishing la impressive ittnd
Electricity staff mast polite itter complaint bega solve malter . ,positive,electricity staff mast polite itter complaint bega solve malter
comedy timings matra crazy ittend,positive,comedy timings matra crazy ittend
undu matra ok ok  undu,neutral,undu matra ok ok  undu
Mattress mast comfortable aad ittnd yedde nidre battnd. ,positive,mattress mast comfortable aad ittnd yedde nidre battnd
runtime jasti feel and sumar booring parts ittend,negative,runtime jasti feel and sumar boring parts ittend
"super edit bro , salute",positive,super edit bro  salute
Customer care nakul polite itter query bega solve malter. ,positive,customer care nakul polite itter query bega solve malter
Physiotherapy center okay okay ittnd aanda recovery slow aand. ,neutral,physiotherapy center okay okay ittnd aanda recovery slow aand
"comedy fine ithend, chur laugh",neutral,comedy fine ithend chur laugh
undu chur overmakeup andya,negative,undu chur overmakeup andya
Stand-up comedy mast funny ittnd hall d ittina pooragulu teltonditter. ,positive,standup comedy mast funny ittnd hall d ittina pooragulu teltonditter
Movie climax yeth emotional ittin panda yaan bulpare churu.,positive,movie climax yeth emotional ittin panda yaan bulpare churu
editing neat ithend matra simple,neutral,editing neat ithend matra simple
Fish fry yedde crispy aad ittnd masala la full tasty.,positive,fish fry yedde crispy aad ittnd masala la full tasty
Laptop da design mast sleek ittnd performance la super fast. ,positive,laptop da design mast sleek ittnd performance la super fast
Gaming headset sound mast poor ittnd mic la work avond ittji. ,negative,gaming headset sound mast poor ittnd mic la work avond ittji
bro undu baji nonsense video bro,negative,bro undu baji nonsense video bro
undu ok ok undu fine andh panoli,neutral,undu ok ok undu fine andh panoli
but yank matra video feel korond ittiji,negative,but yank matra video feel korond ittiji
climax matra ok ok undu,neutral,climax matra ok ok undu
Bus conductor mast rude itte change ye kortije. ,negative,bus conductor mast rude itte change ye kortije
Toy train mast smooth run avond ittnd sound la mast cute ittnd.,positive,toy train mast smooth run avond ittnd sound la mast cute ittnd
Shirt da fitting perfect ittnd fabric la yedde soft ittnd.,positive,shirt da fitting perfect ittnd fabric la yedde soft ittnd
Delivery timing late aand ait ittina box la damage aad ittnd. ,negative,delivery timing late aand ait ittina box la damage aad ittnd
Jacket da zip break aand yenk mast bejar aand. ,negative,jacket da zip break aand yenk mast bejar aand
"mast talent show malther, hats off",positive,mast talent show malther hats off
"Cinema da comedy scenes mast funny itta, hall d ittina pooragul teltonditter. ",positive,cinema da comedy scenes mast funny itta hall d ittina pooragul teltonditter
Soft drink d fizz jasti ittji taste flat ittnd. ,negative,soft drink d fizz jasti ittji taste flat ittnd
vibe okish undu not bad but not good,neutral,vibe okish undu not bad but not good
Online exam da portal mast smooth ittnd chur la lag athiji. ,positive,online exam da portal mast smooth ittnd chur la lag athiji
"villan na role strong ithend ya, strong presence",positive,villan na role strong ithend ya strong presence
songs matra saik addictive undu bro,positive,songs matra saik addictive undu bro
undu acting matra over undu waste,negative,undu acting matra over undu waste
undu chur old style anda andhed,negative,undu chur old style anda andhed
"action scenes realistic ithend ya, like malthe yan",positive,action scenes realistic ithend ya like malthe yan
heroine da performance top class,positive,heroine da performance top class
yank barpund but av cringe undu,negative,yank barpund but av cringe undu
Online class system mast yedde ittnd video lag la athiji. ,positive,online class system mast yedde ittnd video lag la athiji
"movie balance ithend, mast story",neutral,movie balance ithend mast story
story ok ok scenes predict malpun lakka ittend,negative,story ok ok scenes predict malpun lakka ittend
message matra great ittend full inspiration kornd,positive,message matra great ittend full inspiration kornd
music mast fresh undu beats topp,positive,music mast fresh undu beats top
"screenplay average ithend, worked",neutral,screenplay average ithend worked
"hero na acting yede ithend, hatsoff",positive,hero na acting yede ithend hatsoff
music matra yedde malder,positive,music matra yedde malder
acting matra satya perfect undu,positive,acting matra satya perfect undu
comment section matra jasti undu,neutral,comment section matra jasti undu
edit skills matra next level undu,positive,edit skills matra next level undu
"negative role tuvare highlighting ithend, like and",positive,negative role tuvare highlighting ithend like and
Online multiplayer match okay okay ittnd aanda onchoor lag la ittnd.,neutral,online multiplayer match okay okay ittnd aanda onchoor lag la ittnd
kuda tuya anda fresh ittend,positive,kuda tuya anda fresh ittend
story normal ok ok undu,neutral,story normal ok ok undu
dance choreography mind blowing undu,positive,dance choreography mind blowing undu
yenk bore and intrest la ejji,negative,yenk bore and intrest la ejji
Sports club membership okay okay und activities kammi ulla.,neutral,sports club membership okay okay und activities kammi ulla
ATM d 100rs notes ittiji onchur inconvience aand. ,negative,atm d rs notes ittiji onchur inconvience aand
Electricity mast frequently cut maltond itter mast inconvenience aand. ,negative,electricity mast frequently cut maltond itter mast inconvenience aand
Local bazaar prices mast fair itta bargaining malpareg easy aand. ,positive,local bazaar prices mast fair itta bargaining malpareg easy aand
Credit card offers mast yedde itta cashback yedde use aand.,positive,credit card offers mast yedde itta cashback yedde use aand
Bike mileage mast fast undu pickup la super undu.,positive,bike mileage mast fast undu pickup la super undu
Tennis racket mast lightweight ittnd control malpareg mast easy aand.,positive,tennis racket mast lightweight ittnd control malpareg mast easy aand
Meeting room projector fail aand speaker g mast inconvenience aand. ,negative,meeting room projector fail aand speaker g mast inconvenience aand
Bike service mast smooth ittnd engine sound la yedde soft ittnd. ,positive,bike service mast smooth ittnd engine sound la yedde soft ittnd
Gas cylinder delivery mast fast ittnd staff la yedde polite itter.,positive,gas cylinder delivery mast fast ittnd staff la yedde polite itter
yan mast enjoy malthe movie tudh,positive,yan mast enjoy malthe movie tudh
simple but sweet undu,positive,simple but sweet undu
Cinema staff mast polite itter service la bega bega koryer.,positive,cinema staff mast polite itter service la bega bega koryer
"Coffee taste baari shok ittnd, worth it.",positive,coffee taste baari shok ittnd worth it
Park experience okay okay ittnd greenary la normal ittnd. ,neutral,park experience okay okay ittnd greenary la normal ittnd
Public library experience average ittnd collection limited ittnd.,neutral,public library experience average ittnd collection limited ittnd
Helmet quality okay okay ittnd straps loose itta. ,neutral,helmet quality okay okay ittnd straps loose itta
Petrol quality mast poor ittnd engine knocking start aand.,negative,petrol quality mast poor ittnd engine knocking start aand
PG rent moderate ittnd facilities la okay okay. ,neutral,pg rent moderate ittnd facilities la okay okay
Repair service daye mast careless itte problem kuda battnd. ,negative,repair service daye mast careless itte problem kuda battnd
yank mast emotional feel and tood best ittend,positive,yank mast emotional feel and tood best ittend
News app da interface mast simple ittnd use malpareg la full comfortable ittnd. ,positive,news app da interface mast simple ittnd use malpareg la full comfortable ittnd
nett pura scenes flop undu,negative,nett pura scenes flop undu
Bike da mileage mast kammi athnd.,negative,bike da mileage mast kammi athnd
"action scenes fake ithend, laugh boiduji",negative,action scenes fake ithend laugh boiduji
Paneer da curry d salt kammi aad bland ittnd. ,negative,paneer da curry d salt kammi aad bland ittnd
videoed matra full enjoyment undu,positive,videoed matra full enjoyment undu
"yenk ista and, yede editing",positive,yenk ista and yede editing
Air cooler d malla tank ittnd cooling mast yedde avond ittnd.,positive,air cooler d malla tank ittnd cooling mast yedde avond ittnd
climax matra chur booring undu,negative,climax matra chur boring undu
movie tood mast inspire and,positive,movie tood mast inspire and
Delivery boy careless itte yenna item full break aand. ,negative,delivery boy careless itte yenna item full break aand
"cinema tuvare inspiration ithend, super",positive,cinema tuvare inspiration ithend super
not bad but not good movie,neutral,not bad but not good movie
Gaming app battery drain malondittnd aik phone mast heat avondittnd. ,negative,gaming app battery drain malondittnd aik phone mast heat avondittnd
Volleyball net yedde strong und match gobbareg gammath aand.,positive,volleyball net yedde strong und match gobbareg gammath aand
"screenplay slow ithend, yawning barond undu",negative,screenplay slow ithend yawning barond undu
undu matra neutral feel korpund,neutral,undu matra neutral feel korpund
Mixer grinder da sound mast kirikiri ittnd yenna kebi poora bene aand.,negative,mixer grinder da sound mast kirikiri ittnd yenna kebi poora bene aand
undu movie normal vibes korpund,neutral,undu movie normal vibes korpund
Cycle seat comfort average ittnd ride la manageable ittnd. ,neutral,cycle seat comfort average ittnd ride la manageable ittnd
New toy mast bega break aand money waste aand. ,negative,new toy mast bega break aand money waste aand
acting skills matra super ittend,positive,acting skills matra super ittend
Concert d crowd sing malpanaga goosebumps battnd. ,positive,concert d crowd sing malpanaga goosebumps battnd
Gamepad buttons yedde responsive itta gameplay la smooth ittnd.,positive,gamepad buttons yedde responsive itta gameplay la smooth ittnd
undu dialgoue chur flop undu,negative,undu dialgoue chur flop undu
yank tunaga chur irritation apund matra,negative,yank tunaga chur irritation apund matra
acting chur la prejan ijji,negative,acting chur la prejan ijji
net scene matra chur udda undu,negative,net scene matra chur udda undu
Car AC weak ittnd ancha cooling mast slow aand.,negative,car ac weak ittnd ancha cooling mast slow aand
undu fine andh panoli,neutral,undu fine andh panoli
yank undu average lakka feel andya,neutral,yank undu average lakka feel andya
Cycling helmet quality okay ittnd aanda size perfect ittnd. ,positive,cycling helmet quality okay ittnd aanda size perfect ittnd
Yoga mat da grip mast strong ittnd exercise malpareg mast easy aand.,positive,yoga mat da grip mast strong ittnd exercise malpareg mast easy aand
Zomato order wrong ittnd onji item missing ittnd. ,negative,zomato order wrong ittnd onji item missing ittnd
Mobile battery life yedde ijji kali onji dinog matra last apini. ,negative,mobile battery life yedde ijji kali onji dinog matra last apini
Body lotion da effect okay okay ittnd hydration mast time g ittji. ,neutral,body lotion da effect okay okay ittnd hydration mast time g ittji
Theatre d play acting strong ittnd dialogues mata mast emotional itta . ,positive,theatre d play acting strong ittnd dialogues mata mast emotional itta
climax matra full crazy undu,positive,climax matra full crazy undu
Carpenter na finish mast smooth ittnd furniture yeddde stylish tojond ittnd.,positive,carpenter na finish mast smooth ittnd furniture yeddde stylish tojond ittnd
App login d issue barondittnd aik password accept athiji.,negative,app login d issue barondittnd aik password accept athiji
average feel barpund matra,neutral,average feel barpund matra
costmes boka screenplay sexy undu,positive,costmes boka screenplay sexy undu
Meditation session mast relaxing ittnd crowd la full calm aad itter. ,positive,meditation session mast relaxing ittnd crowd la full calm aad itter
bgm matra super und scenes eg match apund,positive,bgm matra super und scenes eg match apund
undu aath dala engaging ittijiya,negative,undu aath dala engaging ittijiya
Cab ride mast fast ittnd route la kammi ittnd. ,positive,cab ride mast fast ittnd route la kammi ittnd
"comedy scenes light hearted ithend, liked",positive,comedy scenes light hearted ithend liked
"story jasti undu, average level",neutral,story jasti undu average level
"hero style forced ithend, cringe la ithend",negative,hero style forced ithend cringe la ithend
Construction delay mast aand ancha handover malpanaga la late aand. ,negative,construction delay mast aand ancha handover malpanaga la late aand
undu baji pottu script,negative,undu baji pottu script
dala bele ijjida tuvareg apund,neutral,dala bele ijjida tuvareg apund
Nail polish da quality aat yedde ittji mast bega peel aand. ,negative,nail polish da quality aat yedde ittji mast bega peel aand
Carpenter na shelf design yedde ittnd storage mast use aand. ,positive,carpenter na shelf design yedde ittnd storage mast use aand
Zomato discount mast helpful ittnd bill la mast kammi aand.,positive,zomato discount mast helpful ittnd bill la mast kammi aand
undu movie aath dala hype korpuji ok ok undu,negative,undu movie aath dala hype korpuji ok ok undu
camera work matra super ittendya,positive,camera work matra super ittendya
story matra ok undu ath dala ittiji,neutral,story matra ok undu ath dala ittiji
Groceries delivery on-time ittnd freshness la yedde ittnd. ,positive,groceries delivery ontime ittnd freshness la yedde ittnd
"cimax eg logic ye ejji, nonsense",negative,cimax eg logic ye ejji nonsense
Bank da service ath yedde ittiji aanda bele complete aand. ,neutral,bank da service ath yedde ittiji aanda bele complete aand
"movie average ithend, ticket da worth itijji",negative,movie average ithend ticket da worth itijji
Resort booking mast messy ittnd room la ready ittji. ,negative,resort booking mast messy ittnd room la ready ittji
undu telike matra fake undu,negative,undu telike matra fake undu
song matra smooth undu ,positive,song matra smooth undu
Water tanker service mast yedde ittnd delivery on time ittnd. ,positive,water tanker service mast yedde ittnd delivery on time ittnd
acting matra yedde undu,positive,acting matra yedde undu
anna ayena style mind blowing undu,positive,anna ayena style mind blowing undu
mass performance undu bro,positive,mass performance undu bro
shots mast laik geider,positive,shots mast laik geider
Music festival da facilities yedde ittji toilets mast dirty itta.,negative,music festival da facilities yedde ittji toilets mast dirty itta
"direction careless ithend, disappointed",negative,direction careless ithend disappointed
Bike tyre mast sari puncture avond ittnd quality yedde ittji.,negative,bike tyre mast sari puncture avond ittnd quality yedde ittji
Shopping mall mast malla ittnd aanda crowd jasti aand. ,neutral,shopping mall mast malla ittnd aanda crowd jasti aand
Printer service okay okay ittnd aanda speed onchoor slow aand. ,neutral,printer service okay okay ittnd aanda speed onchoor slow aand
Delivery boy polite itte packaging la neat ittnd.,positive,delivery boy polite itte packaging la neat ittnd
bro undu matra waste ava,negative,bro undu matra waste ava
undu scene ok ok ittend,neutral,undu scene ok ok ittend
App download fast aand features la mast laik boka helpful ulla. ,positive,app download fast aand features la mast laik boka helpful ulla
undu matra chur irritating undu,negative,undu matra chur irritating undu
"overall cinema yedde ithend, worth watching",positive,overall cinema yedde ithend worth watching
video matra cute undya,positive,video matra cute undya
Bus late battini wait malpareg mast boring ittnd. ,negative,bus late battini wait malpareg mast boring ittnd
"time pass undu, but aath worst ijji",neutral,time pass undu but aath worst ijji
"music forgettable ithend, songs la hit ijji",negative,music forgettable ithend songs la hit ijji
undu timepass malpre ok undu,neutral,undu timepass malpre ok undu
Fan motor sound perfect ittnd yedde nidre malde. ,positive,fan motor sound perfect ittnd yedde nidre malde
VR headset d problem ittnd visuals blurry itta. ,negative,vr headset d problem ittnd visuals blurry itta
Gaming mouse click d problem ittnd so gaming onchoor inconvenient aand,neutral,gaming mouse click d problem ittnd so gaming onchoor inconvenient aand
Face cream mast smooth ittnd skin da glow baari laik ittnd. ,positive,face cream mast smooth ittnd skin da glow baari laik ittnd
undu baji boring song ,negative,undu baji boring song
Movie da story mast weak ittnd climax la full boring. ,negative,movie da story mast weak ittnd climax la full boring
Traffic jam mast narakka ittnd 1 hour delay aand. ,negative,traffic jam mast narakka ittnd  hour delay aand
undu chur heart touching story ittend,positive,undu chur heart touching story ittend
"dialouges cringe ithend, mast drama and",negative,dialouges cringe ithend mast drama and
Mall cinema da popcorn mast expensive ittnd chur la worth ijji. ,negative,mall cinema da popcorn mast expensive ittnd chur la worth ijji
dialgoues mast powerfull ittend,positive,dialgoues mast powerfull ittend
kannada rap matra next level ittendya,positive,kannada rap matra next level ittendya
climax matra booring ittend,negative,climax matra boring ittend
undu chr childish andh feel and,negative,undu chr childish andh feel and
Post office experience okay ittnd aanda crowd jasti itter. ,neutral,post office experience okay ittnd aanda crowd jasti itter
"background score flat ithend, feel itiji",negative,background score flat ithend feel itiji
Dosa okay okay ittnd aanda chutney average ittnd. ,neutral,dosa okay okay ittnd aanda chutney average ittnd
Workshop d knowledge sharing okay okay ittnd aanda practical part mast kammi aand.,neutral,workshop d knowledge sharing okay okay ittnd aanda practical part mast kammi aand
story da flow matra neutral undu,neutral,story da flow matra neutral undu
Plastic chair da quality average ittnd colour onchoor fade aad ittnd. ,neutral,plastic chair da quality average ittnd colour onchoor fade aad ittnd
pura agala acting matra superb undu,positive,pura agala acting matra super undu
Concert ticket rate jasti aand ath worth ijji.,negative,concert ticket rate jasti aand ath worth ijji
Vacuum cleaner suction average ittnd dust fully clean maltiji.,neutral,vacuum cleaner suction average ittnd dust fully clean maltiji
Console game story okay ittnd aanda graphics neat itta.,neutral,console game story okay ittnd aanda graphics neat itta
Restaurant da bill mast jasti aand service la aath worth ittji. (,negative,restaurant da bill mast jasti aand service la aath worth ittji
Online course da inteface yedde smooth boa user friendly ittnd. ,positive,online course da inteface yedde smooth boa user friendly ittnd
Dog collar design mast average ittnd aanda size perfect ittnd.,neutral,dog collar design mast average ittnd aanda size perfect ittnd
Fairground d rides mast gammath itta kids yedde enjoy malter. ,positive,fairground d rides mast gammath itta kids yedde enjoy malter
time pass malpare ok undu,neutral,time pass malpare ok undu
background music matra saik udnu entry eg  match apund,positive,background music matra saik udnu entry eg  match apund
one time tuvareg ok ,neutral,one time tuvareg ok
Car polish finish okay okay ittnd chur shine ittnd. ,neutral,car polish finish okay okay ittnd chur shine ittnd
"Ice cream da taste mast fresh ittind, yenk mast khushi aand. ",positive,ice cream da taste mast fresh ittind yenk mast khushi aand
"Delivery g kathondulle, mast late aand.",negative,delivery g kathondulle mast late aand
"Food okay okay, ath special dala ittji.",neutral,food okay okay ath special dala ittji
middle chur booring undu bro,negative,middle chur boring undu bro
"story predictable ithend, twist ithiji",negative,story predictable ithend twist ithiji
Festival food stalls okay okay itta taste la average ittnd. ,neutral,festival food stalls okay okay itta taste la average ittnd
Loan interest rate mast jasti ittnd aath affordable ittji.,negative,loan interest rate mast jasti ittnd aath affordable ittji
villain na acting matra super,positive,villain na acting matra super
Metro station yedde clean ittnd escalator la sari work avond ittnd. ,positive,metro station yedde clean ittnd escalator la sari work avond ittnd
Office AC yedde ittji room mast hot aand. ,negative,office ac yedde ittji room mast hot aand
Shopping mall d parking tikkare banga aand but ulay shops matha yedde itta.,neutral,shopping mall d parking tikkare banga aand but ulay shops matha yedde itta
Juice packet mast watery ittnd fruit da taste ye ittji. ,negative,juice packet mast watery ittnd fruit da taste ye ittji
nett mast overacting scenes undu,negative,nett mast overacting scenes undu
performance matra next level unduya,positive,performance matra next level unduya
Hair straightening service baji narakka ittnd money waste aand.,negative,hair straightening service baji narakka ittnd money waste aand
Iron box mast heavy ittnd handle mast inconvenient ittnd.,negative,iron box mast heavy ittnd handle mast inconvenient ittnd
Scooter ride mast comfortable ittnd mileage la decent und.,positive,scooter ride mast comfortable ittnd mileage la decent und
anna acting matra sakath malde,positive,anna acting matra sakath malde
undu song kennaga yank kuda vara kenga and apund,positive,undu song kennaga yank kuda vara kenga and apund
Multiplex ambience yedde classy ittnd screen la bright aad quality yedde ittnd. ,positive,multiplex ambience yedde classy ittnd screen la bright aad quality yedde ittnd
"performance natural ithend, hats off team",positive,performance natural ithend hats off team
heroine performance ok ok ithend,neutral,heroine performance ok ok ithend
video average undu boss,neutral,video average undu boss
Mall da facilities laik ittnd aanda crowd jasti aand. ,neutral,mall da facilities laik ittnd aanda crowd jasti aand
Online insurance purchase malpuna procedure mast simple ittnd bega la aand. ,positive,online insurance purchase malpuna procedure mast simple ittnd bega la aand
conent matra neutral undu,neutral,conent matra neutral undu
Hotel da room mast dirty ittnd aitha mitt bedsheet la narakka ittnd. ,negative,hotel da room mast dirty ittnd aitha mitt bedsheet la narakka ittnd
dance crazy undya,positive,dance crazy undya
song addictive undu bro,positive,song addictive undu bro
undu waste of time undu bro,negative,undu waste of time undu bro
movie simple mathrala beautifull undu,positive,movie simple mathrala beautifull undu
"Park da walking track yedde clean ittnd, walk g pod yedde fresh la aand.",positive,park da walking track yedde clean ittnd walk g pod yedde fresh la aand
undu song baji flop and,negative,undu song baji flop and
simple eg ok ok undu,neutral,simple eg ok ok undu
"cinema neutral ithend, mala impression ijji",neutral,cinema neutral ithend mala impression ijji
Software installation fail avond ittnd same error gadi gadi barond ittnnd.,negative,software installation fail avond ittnd same error gadi gadi barond ittnnd
netta climax matra boring undu,negative,netta climax matra boring undu
Apartment parking okay okay ittnd aanda mast limited space ittnd. ,neutral,apartment parking okay okay ittnd aanda mast limited space ittnd
overall ok andh panoli,neutral,overall ok andh panoli
Coffee maker da design mast neat ittnd taste la yedde ittnd.,positive,coffee maker da design mast neat ittnd taste la yedde ittnd
average undu time pass malpreg apund,neutral,average undu time pass malpreg apund
Gaming d graphics mast super ittnd boka sound effects la mast laik itta.,positive,gaming d graphics mast super ittnd boka sound effects la mast laik itta
undu song matra useless,negative,undu song matra useless
undu chur overhype malter mogul,negative,undu chur overhype malter mogul
undu quality matra top notch undya,positive,undu quality matra top notch undya
"movie super bro, acting mind blowing ittend",positive,movie super bro acting mind blowing ittend
acting emotional undu full goosebumps,positive,acting emotional undu full goosebumps
Water supply okay okay ittnd fixed timing ittnd.,neutral,water supply okay okay ittnd fixed timing ittnd
editing matra saik undu next level,positive,editing matra saik undu next level
Park benches average itta comfort aath ittji.,neutral,park benches average itta comfort aath ittji
bgm matra sakath crazy ittend,positive,bgm matra sakath crazy ittend
Train seat comfortable ittnd aanda toilet average ittnd. ,neutral,train seat comfortable ittnd aanda toilet average ittnd
hero na performance tuvare best ithend,positive,hero na performance tuvare best ithend
"song la decent ithend, mast catchy ijji",neutral,song la decent ithend mast catchy ijji
editor matra mast mistake malde kelav kade mic pura tojund,negative,editor matra mast mistake malde kelav kade mic pura tojund
Coworking mast noisy ittnd focus malpareg athiji. ,negative,coworking mast noisy ittnd focus malpareg athiji
time pass video andh feel and,neutral,time pass video andh feel and
song da energy matra sakat undu,positive,song da energy matra sakat undu
Gas stove da burner mast weak ittnd aik flame sari barondittiji. ,negative,gas stove da burner mast weak ittnd aik flame sari barondittiji
Movie timings mismatch aad tickets confirm athiji. ,negative,movie timings mismatch aad tickets confirm athiji
Electricity bill wrong ittnd correction mast late aand. ,negative,electricity bill wrong ittnd correction mast late aand
Detergent da smell yedde fresh ittnd clothes mata yedde shine avond itta. ,positive,detergent da smell yedde fresh ittnd clothes mata yedde shine avond itta
movie ok and panoli atth intresting ittiji,neutral,movie ok and panoli atth intresting ittiji
Exhibition stalls okay okay itta kelav items interesting ittnd. ,neutral,exhibition stalls okay okay itta kelav items interesting ittnd
Auto fare reasonable ittnd driver la yedde itter. ,positive,auto fare reasonable ittnd driver la yedde itter
Handbag da quality mast yedde ittnd design la full stylish ittnd. ,positive,handbag da quality mast yedde ittnd design la full stylish ittnd
Car audio system sound mast clear ittnd base la strong ittnd. ,positive,car audio system sound mast clear ittnd base la strong ittnd
"move boring ithend ya, time waste and",negative,move boring ithend ya time waste and
Bus correct time g battinait journey la yeddde smooth aand. ,positive,bus correct time g battinait journey la yeddde smooth aand
yank undu time waste matra,negative,yank undu time waste matra
undu movie laik ijji skip malpule,negative,undu movie laik ijji skip malpule
just average storyline panoli,neutral,just average storyline panoli
Pressure cooker sari work aand anda design mast simple aand. ,neutral,pressure cooker sari work aand anda design mast simple aand
Chapati yedde sift ittnd aanda curry onchoor oily aand. ,neutral,chapati yedde sift ittnd aanda curry onchoor oily aand
Cat toy da quality okay okay ittnd aanda bega break aand. ,neutral,cat toy da quality okay okay ittnd aanda bega break aand
Biscuit packaging yedde neat ittnd freshness la yedde ittnd.,positive,biscuit packaging yedde neat ittnd freshness la yedde ittnd
dance da energy matra saik ittend,positive,dance da energy matra saik ittend
undu chur headache korpund,negative,undu chur headache korpund
climax twist matra super undu,positive,climax twist matra super undu
acting matra ayena realistic undu,positive,acting matra ayena realistic undu
Blender motor burn aand quality yedde ittji.,negative,blender motor burn aand quality yedde ittji
ayena acting tood yank goosebumps battend,positive,ayena acting tood yank goosebumps battend
undu jokes baji booring ittend telike boidiji,negative,undu jokes baji boring ittend telike boidiji
Mall d shopping experience okay okay ittnd crowd jasti aand. ,neutral,mall d shopping experience okay okay ittnd crowd jasti aand
Sofa cleaning okay okay ittnd stains chur chur nanala itta. ,neutral,sofa cleaning okay okay ittnd stains chur chur nanala itta
song da energy matra next level undu,positive,song da energy matra next level undu
bgm matra mast enegetic undu,positive,bgm matra mast enegetic undu
Toy gun battery mast weak ittnd kelav days d ye stop  aand. ,negative,toy gun battery mast weak ittnd kelav days d ye stop  aand
"dialouges realistic ithend, yedde feel and good",positive,dialouges realistic ithend yedde feel and good
acting matra flop,negative,acting matra flop
"Movie da climax yedde strong ittind, audience poora clap maltonditter. ",positive,movie da climax yedde strong ittind audience poora clap maltonditter
just ok ok feel undu,neutral,just ok ok feel undu
undu script baji booring ittend pottu story,negative,undu script baji boring ittend pottu story
Video call da quality mast clear ittnd sound quality la yedde crisp ittnd. ,positive,video call da quality mast clear ittnd sound quality la yedde crisp ittnd
"camera work saku ithend, not wow",neutral,camera work saku ithend not wow
Durga Puja pandal decoration mast grand ittnd atmosphere mast festive ittnd. ,positive,durga puja pandal decoration mast grand ittnd atmosphere mast festive ittnd
Racing game speed thrilling ittnd controls la easy itta. ,positive,racing game speed thrilling ittnd controls la easy itta
"graphics yedde undu, realistic undu",positive,graphics yedde undu realistic undu
Passport office service mast smooth ittnd staff la yedde cooperative itter.,positive,passport office service mast smooth ittnd staff la yedde cooperative itter
camera shake and headache and,negative,camera shake and headache and
nanala chur depth potod storyline,negative,nanala chur depth potod storyline
"movie mast drag malther, patience test and",negative,movie mast drag malther patience test and
Tournament schedule mast confusing ittnd players miss ayer.,negative,tournament schedule mast confusing ittnd players miss ayer
ninna editing skills matra super undya,positive,ninna editing skills matra super undya
"music album yedde ithend, playlist eg add malpuve",positive,music album yedde ithend playlist eg add malpuve
Chocolate flavour mast rich ittnd jokul yedde enjoy malter. ,positive,chocolate flavour mast rich ittnd jokul yedde enjoy malter
Fitness tracker mast accurate ittnd battery yedde last apund. ,positive,fitness tracker mast accurate ittnd battery yedde last apund
netta dialogue chur booring undu,negative,netta dialogue chur boring undu
Instant noodles okay okay itta spice level normal ittnd. ,neutral,instant noodles okay okay itta spice level normal ittnd
College canteen d yedde food tikkund rate la mast reasonable und. ,positive,college canteen d yedde food tikkund rate la mast reasonable und
Ice cream da taste okay okay ittnd aat dala khaas ittji. ,neutral,ice cream da taste okay okay ittnd aat dala khaas ittji
Bank queue mast udda ittnd service la delay aand.,negative,bank queue mast udda ittnd service la delay aand
College fest da events okay okay itta anda crowd da energy yedde ittnd.,neutral,college fest da events okay okay itta anda crowd da energy yedde ittnd
"visuals colorful ithend, eye treat and",positive,visuals colorful ithend eye treat and
Food stall da hygiene narakka ittnd yenk illag battd stomach upset aand.,negative,food stall da hygiene narakka ittnd yenk illag battd stomach upset aand
just okok vibes undu,neutral,just ok ok vibes undu
movie full cringe nibba nibbi nagaleg,negative,movie full cringe nibba nibbi nagaleg
Bike taxi service okay ittnd helmet onchoor old aand. ,neutral,bike taxi service okay ittnd helmet onchoor old aand
Puzzle game design okay okay ittnd difficulty level average ittnd. ,neutral,puzzle game design okay okay ittnd difficulty level average ittnd
Flight da staff mast kind itter food service la bega bega malter. ,positive,flight da staff mast kind itter food service la bega bega malter
heroine na dance steps super,positive,heroine na dance steps super
yank watch malpanaga chur headache and,negative,yank watch malpanaga chur headache and
Online app interface yedde easy ittnd aithottu navigation la yedde smooth undu.,positive,online app interface yedde easy ittnd aithottu navigation la yedde smooth undu
timepass malpre ok ,neutral,timepass malpre ok
Plumber na work yedde neat ittnd leakage pakka solve malt korye. ,positive,plumber na work yedde neat ittnd leakage pakka solve malt korye
Hospital cafeteria da food yedde ittji taste baji narakka ittnd. ,negative,hospital cafeteria da food yedde ittji taste baji narakka ittnd
Rental house condition okay okay ittnd paint chur old aad ittnd.,neutral,rental house condition okay okay ittnd paint chur old aad ittnd
TV news coverage neat ittnd information la yedde clear ittnd.,positive,tv news coverage neat ittnd information la yedde clear ittnd
action scene tood goosebumps battend,positive,action scene tood goosebumps battend
Toy drum noise jasti ittnd headache avareg start aand. ,negative,toy drum noise jasti ittnd headache avareg start aand
pacing chur slow undu,negative,pacing chur slow undu
Bus seats yedde ittja smell barond ittnd. ,negative,bus seats yedde ittja smell barond ittnd
song matra supper undu crazy,positive,song matra super undu crazy
acting matra alna supper next level panoli,positive,acting matra alna super next level panoli
editing clumsy ithend flow ijji,negative,editing clumsy ithend flow ijji
undu just copy paste a andh,negative,undu just copy paste a andh
yenk mast connect and story votueg,positive,yenk mast connect and story votueg
"comedy flat ithend, telpare boiduji",negative,comedy flat ithend telpare boiduji
video matra creative undu,positive,video matra creative undu
screenplay antu weak undu,negative,screenplay antu weak undu
"villian presence moderate ithend, ok ok",neutral,villian presence moderate ithend ok ok
"App user interface easy iitnd , dala confusion ijjji.",positive,app user interface easy iitnd  dala confusion ijjji
song da voice matra mast enjoyable undu,positive,song da voice matra mast enjoyable undu
hero da entry matra saik undu,positive,hero da entry matra saik undu
College fest yedde gammath aand.,positive,college fest yedde gammath aand
team dagul matra mast efforts padyer,positive,team dagul matra mast efforts padyer
Society gym average ittnd kali kelav equipments matr itta.,neutral,society gym average ittnd kali kelav equipments matr itta
storyline matra neutral undu,neutral,storyline matra neutral undu
Delivery speed okay okay ittnd aath fast la ijji slow la ijji. ,neutral,delivery speed okay okay ittnd aath fast la ijji slow la ijji
nett kali cringe ye ippun,negative,nett kali cringe ye ippun
Ice cream shop d mast crowd ittnd aik mast porth wait maltha. ,negative,ice cream shop d mast crowd ittnd aik mast porth wait maltha
